{
  "Total" : {
    "transaction" : "Total",
    "sampleCount" : 400,
    "errorCount" : 0,
    "errorPct" : 0.0,
    "meanResTime" : 304.6525,
    "medianResTime" : 397.0,
    "minResTime" : 103.0,
    "maxResTime" : 851.0,
    "pct1ResTime" : 438.90000000000003,
    "pct2ResTime" : 455.9,
    "pct3ResTime" : 849.0,
    "throughput" : 35.685609777857074,
    "receivedKBytesPerSec" : 36.21584078642163,
    "sentKBytesPerSec" : 4.966015032563119
  },
  "HTTP Request POST" : {
    "transaction" : "HTTP Request POST",
    "sampleCount" : 200,
    "errorCount" : 0,
    "errorPct" : 0.0,
    "meanResTime" : 445.875,
    "medianResTime" : 423.0,
    "minResTime" : 390.0,
    "maxResTime" : 851.0,
    "pct1ResTime" : 455.8,
    "pct2ResTime" : 822.9999999999961,
    "pct3ResTime" : 850.0,
    "throughput" : 18.1867782122397,
    "receivedKBytesPerSec" : 15.921067961716831,
    "sentKBytesPerSec" : 3.356739338001273
  },
  "HTTP Request GET SINGLE USER" : {
    "transaction" : "HTTP Request GET SINGLE USER",
    "sampleCount" : 200,
    "errorCount" : 0,
    "errorPct" : 0.0,
    "meanResTime" : 163.43,
    "medianResTime" : 155.0,
    "minResTime" : 103.0,
    "maxResTime" : 435.0,
    "pct1ResTime" : 198.60000000000002,
    "pct2ResTime" : 217.89999999999998,
    "pct3ResTime" : 431.85000000000014,
    "throughput" : 19.798059790140567,
    "receivedKBytesPerSec" : 22.85283854682241,
    "sentKBytesPerSec" : 1.856068105325678
  }
}